{
  "type": "minecraft:entity",
  "pools": [
    {
      "rolls": 1,
      "entries": [
        {
        "type": "minecraft:item",
        "name": "minecraft:gold_nugget",
        "weight": 1,
        "functions": [
          {
            "function": "minecraft:set_name",
            "entity": "this",
            "name": {
              "text": "Gold Coin",
              "color": "#ffcc00",
              "italic": false
            }
          },
          {
            "function": "minecraft:set_lore",
            "entity": "this",
            "lore": [
              {
                "text": "Maybe someone will accept",
                "color": "#dda522",
                "italic": false
              },
              {
                "text": "this coin, if you are lucky.",
                "color": "#dda522",
                "italic": false
              }
            ],
            "mode": "insert"
          },
          {
            "function": "minecraft:set_components",
            "components": {
              "minecraft:enchantment_glint_override": true,
              "minecraft:max_stack_size": 5
            },
            "conditions": []
          }
        ],
        "conditions": [
          {
            "condition": "minecraft:random_chance_with_enchanted_bonus",
            "unenchanted_chance": 0.03,
            "enchanted_chance": {
              "type": "minecraft:linear",
              "base": 0.025,
              "per_level_above_first": 0.005
            },
            "enchantment": "minecraft:looting"
          }
        ]
      }
    ]
    },
    {
      "rolls": 1,
      "entries": [
        {
        "type": "minecraft:item",
        "name": "minecraft:gold_ingot",
        "weight": 1,
        "functions": [
          {
            "function": "minecraft:set_name",
            "entity": "this",
            "name": {
              "text": "Gold Slab",
              "color": "#ffcc00",
              "italic": false
            }
          },
          {
            "function": "minecraft:set_lore",
            "entity": "this",
            "lore": [
              {
                "text": "Maybe someone will accept",
                "color": "#dda522",
                "italic": false
              },
              {
                "text": "this slab, if you are lucky.",
                "color": "#dda522",
                "italic": false
              }
            ],
            "mode": "insert"
          },
          {
            "function": "minecraft:set_components",
            "components": {
              "minecraft:enchantment_glint_override": true,
              "minecraft:max_stack_size": 1
            },
            "conditions": []
          }
        ],
        "conditions": [
          {
            "condition": "minecraft:random_chance_with_enchanted_bonus",
            "unenchanted_chance": 0.01,
            "enchanted_chance": {
              "type": "minecraft:linear",
              "base": 0.011665,
              "per_level_above_first": 0.001665
            },
            "enchantment": "minecraft:looting"
          }
        ]
      }]
    },
    {
      "rolls": 1,
      "entries": [
        {
        "type": "minecraft:item",
        "name": "minecraft:iron_ingot",
        "weight": 1,
        "functions": [
          {
            "function": "minecraft:set_components",
            "components": {
              "minecraft:enchantment_glint_override": true,
              "minecraft:max_stack_size": 1
            },
            "conditions": []
          }
        ],
        "conditions": [
          {
            "condition": "minecraft:random_chance_with_enchanted_bonus",
            "unenchanted_chance": 0.008,
            "enchanted_chance": {
              "type": "minecraft:linear",
              "base": 0.011665,
              "per_level_above_first": 0.001665
            },
            "enchantment": "minecraft:looting"
          }
        ]
      }]
    },
    {
      "rolls": 1,
      "entries": [
        {
        "type": "minecraft:item",
        "name": "minecraft:glistering_melon_slice",
        "weight": 1,
        "functions": [
          {
            "function": "minecraft:set_name",
            "entity": "this",
            "name": {
              "text": "Magnificent Melon",
              "color": "#ffff00",
              "italic": false
            }
          },
          {
            "function": "minecraft:set_lore",
            "entity": "this",
            "lore": [
              {
                "text": "A goody melon.",
                "color": "#cc0033",
                "italic": false
              }
            ],
            "mode": "insert"
          },
          {
            "function": "minecraft:set_components",
            "components": {
              "minecraft:enchantment_glint_override": true,
              "minecraft:max_stack_size": 1
            },
            "conditions": []
          }
        ],
        "conditions": [
          {
            "condition": "minecraft:random_chance_with_enchanted_bonus",
            "unenchanted_chance": 0.00001,
            "enchanted_chance": {
              "type": "minecraft:linear",
              "base": 0.000013,
              "per_level_above_first": 0.000003
            },
            "enchantment": "minecraft:looting"
          }
        ]
      }
    ]
    },
    {
      "rolls": 1,
      "entries": [
        {
          "type": "minecraft:item",
          "name": "minecraft:polished_blackstone_button",
          "conditions": []
        }
      ],
      "conditions": []
    },
    {
      "rolls": 1,
      "entries": [
        {
          "type": "minecraft:item",
          "name": "minecraft:rotten_flesh",
          "conditions": []
        }
      ],
      "conditions": []
    }
  ],
  "functions": []
}